{
  "base_model": "nvidia/segformer-b0-finetuned-ade-512-512",
  "image_size": 512,
  "classes": [
    "background clutter",
    "building",
    "road",
    "tree",
    "low vegetation",
    "static car",
    "moving car",
    "human"
  ],
  "metrics": {
    "val_loss": 0.7073390458311354,
    "pixel_accuracy": 0.7460029602050782,
    "mean_iou": 0.35183565210691925,
    "road_iou": 0.5213997671054574,
    "tree_iou": 0.5939943730161847,
    "low_vegetation_iou": 0.49397094068304376
  }
}