{
  "base_model": "nvidia/segformer-b0-finetuned-ade-512-512",
  "image_size": 512,
  "classes": [
    "background clutter",
    "building",
    "road",
    "tree",
    "low vegetation",
    "static car",
    "moving car",
    "human"
  ],
  "metrics": {
    "val_loss": 0.5592394400920186,
    "pixel_accuracy": 0.7943294525146485,
    "mean_iou": 0.3973186760821333,
    "road_iou": 0.6054650770997578,
    "tree_iou": 0.6673982667223436,
    "low_vegetation_iou": 0.5614061141364184
  }
}